geoid,svi_value,tract_latitude,tract_longitude
45003980100,-999,+33.3087672,-081.6897357
45011980100,-999,+33.2175413,-081.6064173
45013990100,-999,+32.2428182,-080.5598028
45015980100,-999,+32.9647260,-080.0011160
45019990100,-999,+32.7817250,-079.7321399
45027960202,-999,+33.8866241,-080.0817786
45029990100,-999,+32.4613649,-080.2950090
45041980100,-999,+34.1865644,-079.7259342
45043990100,-999,+33.2987328,-079.1215662
45051990100,-999,+33.7262431,-078.7613339
45053990100,-999,+32.0517966,-080.8125751
45061920301,-999,+34.1970770,-080.2264333
45063980100,-999,+33.9404138,-081.1222612
45079010408,-999,+34.0695655,-081.0984227
45079010806,-999,+34.0911355,-080.9836596
45079011501,-999,+34.0183763,-080.9374698
45079980100,-999,+34.0394315,-080.8250965
45089970802,-999,+33.5881766,-079.8773265
45091060600,-999,+34.9396416,-081.0309713
45019004613,0,+32.8326092,-079.8844773
45091061006,9e-04,+35.0837032,-080.9455792
45045003009,0.0018,+34.7585255,-082.1864755
45045001302,0.0028,+34.8343593,-082.3606077
45019002007,0.0037,+32.7538419,-079.9174385
45083021302,0.0046,+34.9498435,-081.8897359
45051980100,0.0055,+33.6782314,-078.9302466
45019004901,0.0065,+32.7868965,-079.7864097
45019003500,0.0074,+32.8884799,-079.9908042
45019002004,0.0083,+32.6626912,-079.9316597
45019002104,0.0092,+32.6164419,-080.0605945
45079002300,0.0102,+34.0020465,-080.9868760
45003020601,0.0111,+33.5595196,-081.8939455
45063021205,0.012,+34.0926665,-081.3702870
45045002804,0.0129,+34.8613955,-082.3097313
45079010307,0.0139,+34.1896294,-081.2525929
45019004800,0.0148,+32.7709494,-079.8311365
45015020722,0.0157,+33.0056688,-080.0620665
45019003000,0.0166,+32.7772471,-079.9726864
45013002202,0.0175,+32.3376045,-080.8200441
45013011200,0.0185,+32.1514615,-080.7433783
45035010820,0.0194,+32.9028200,-080.1072650
45091061104,0.0203,+34.9813666,-080.8999384
45063021203,0.0212,+34.1053981,-081.3209793
45035010817,0.0222,+32.9342310,-080.1169023
45007001000,0.0231,+34.5398822,-082.6812250
45045001501,0.024,+34.8195180,-082.3970924
45045002813,0.0249,+34.8349676,-082.2413415
45063021021,0.0259,+34.0362023,-081.3298592
45019002105,0.0268,+32.5750134,-080.1820452
45063021022,0.0277,+34.0017338,-081.3138256
45063021114,0.0286,+34.0799739,-081.2685797
45019005200,0.0295,+32.7984271,-079.9627055
45019002002,0.0305,+32.7340159,-079.9611767
45079001200,0.0314,+34.0124501,-080.9939685
45013001200,0.0323,+32.3270113,-080.5157637
45013001000,0.0332,+32.3175972,-080.6822133
45019005700,0.0342,+32.8683707,-080.1081651
45045003014,0.0351,+34.7342749,-082.3008749
45045002815,0.036,+34.8057857,-082.2423259
45019001600,0.0369,+32.8085921,-079.9624881
45045001102,0.0379,+34.8696886,-082.3929531
45045002814,0.0388,+34.8299663,-082.2121214
45063021026,0.0397,+34.0088334,-081.2774501
45013000400,0.0406,+32.4796571,-080.7125383
45013010100,0.0416,+32.1265422,-080.8133825
45015020725,0.0425,+32.9689219,-079.9853268
45019000200,0.0434,+32.7707910,-079.9282235
45003020801,0.0443,+33.5217441,-081.9924680
45091060904,0.0452,+34.9770039,-081.1018961
45019002606,0.0462,+32.8193670,-079.9780481
45019002005,0.0471,+32.7310699,-079.9132447
45091061003,0.048,+35.0459807,-081.0121273
45019004902,0.0489,+32.8133989,-079.7351795
45063021303,0.0499,+34.0520035,-081.3930774
45063021032,0.0508,+34.0104257,-081.2150799
45019002802,0.0517,+32.7748760,-080.0035774
45057011202,0.0526,+34.8889877,-080.8262996
45013002201,0.0536,+32.2799730,-080.8215798
45019004608,0.0545,+32.8973520,-079.7890349
45019004609,0.0554,+32.8538067,-079.7305349
45041001200,0.0563,+34.1797450,-079.7905221
45045003008,0.0572,+34.7797036,-082.2452659
45013002101,0.0582,+32.1187058,-080.8611777
45015020720,0.0591,+33.0167927,-080.0592717
45045002608,0.06,+34.8937479,-082.2644685
45019004614,0.0609,+32.8596872,-079.8708533
45019004612,0.0619,+32.8352937,-079.8334709
45043920505,0.0628,+33.3344415,-079.2103675
45019000500,0.0637,+32.7792848,-079.9468711
45013010700,0.0646,+32.2572090,-080.7106039
45019001902,0.0656,+32.7627874,-079.9653762
45079011201,0.0665,+34.0150047,-080.9762798
45015020404,0.0674,+32.9212148,-079.8905423
45019004702,0.0683,+32.8007285,-079.8635983
45063021106,0.0693,+34.0583895,-081.1417975
45083023402,0.0702,+34.8565445,-082.0193121
45019002801,0.0711,+32.7772208,-080.0378763
45045001101,0.072,+34.8804194,-082.3786068
45091061103,0.0729,+34.9732156,-080.9385943
45073030901,0.0739,+34.5605163,-083.0702931
45079010308,0.0748,+34.1264858,-081.1762180
45063021023,0.0757,+33.9674472,-081.3124924
45079010309,0.0766,+34.1136634,-081.1410202
45045004200,0.0776,+34.8345704,-082.3904774
45045001203,0.0785,+34.8709485,-082.3647461
45035010814,0.0794,+32.9832119,-080.1343344
45015020812,0.0803,+32.9414521,-080.0087427
45019004610,0.0813,+32.8245244,-079.7688751
45035010606,0.0822,+33.0100855,-080.1895729
45045004102,0.0831,+35.0942506,-082.6016505
45013011300,0.084,+32.1398723,-080.7612122
45013010300,0.0849,+32.1728039,-080.7602214
45063021024,0.0859,+33.9423513,-081.3050478
45015020403,0.0868,+32.8630475,-079.9189550
45007011002,0.0877,+34.5383252,-082.7246007
45079002602,0.0886,+33.9798771,-081.0027441
45079011604,0.0896,+33.9704856,-080.9678395
45045002506,0.0905,+34.9556129,-082.2709367
45079002200,0.0914,+34.0062228,-081.0007516
45063021014,0.0923,+34.0271617,-081.1847195
45055970905,0.0933,+34.1988492,-080.7092803
45063021025,0.0942,+34.0423288,-081.2645246
45045002905,0.0951,+34.7564671,-082.3154601
45003021201,0.096,+33.5235450,-081.7639732
45019004701,0.097,+32.7801651,-079.8675218
45043920504,0.0979,+33.4176484,-079.1864379
45083022102,0.0988,+34.9466202,-081.8248580
45045001400,0.0997,+34.8159886,-082.3754469
45063020201,0.1006,+33.9783035,-081.0571089
45013010600,0.1016,+32.2452931,-080.7347150
45013002104,0.1025,+32.2879651,-080.9713390
45007011001,0.1034,+34.4896667,-082.7909898
45019002006,0.1043,+32.7325383,-079.9346090
45015020721,0.1053,+33.0040521,-080.0811448
45019002614,0.1062,+32.8019252,-080.0444568
45051050303,0.1071,+33.7568838,-078.8111818
45015020807,0.108,+33.0196636,-080.0132854
45051040105,0.109,+33.8685828,-078.6258172
45019005800,0.1099,+32.8077688,-080.1815928
45063021116,0.1108,+34.0656746,-081.1988770
45007011201,0.1117,+34.5868486,-082.6411408
45019000600,0.1127,+32.7850610,-079.9510689
45051060303,0.1136,+33.8244836,-078.7356766
45013000901,0.1145,+32.4783136,-080.5652285
45091061004,0.1154,+35.0120768,-080.9768143
45091061706,0.1163,+35.1019001,-081.1082127
45019002900,0.1173,+32.7894663,-079.9838555
45063021110,0.1182,+34.0726567,-081.1829461
45045002606,0.1191,+34.9851725,-082.3138910
45019005600,0.12,+32.8010357,-080.0830664
45063021115,0.121,+34.0602196,-081.2449009
45063021017,0.1219,+33.9403109,-081.1950024
45045003015,0.1228,+34.6851224,-082.2888109
45015020600,0.1237,+33.0870933,-079.9910086
45083021200,0.1247,+34.9509248,-081.9167596
45007010104,0.1256,+34.7232770,-082.5844651
45045002816,0.1265,+34.8025393,-082.1900960
45057010400,0.1274,+34.6481753,-080.8538741
45051051604,0.1283,+33.5900710,-079.0642326
45091061403,0.1293,+34.9101147,-081.1249061
45085001701,0.1302,+33.9229085,-080.4073016
45091061008,0.1311,+35.0473511,-080.9171559
45051050200,0.132,+33.7725679,-078.7856627
45045003013,0.133,+34.6976980,-082.2623275
45045002701,0.1339,+34.9392993,-082.3924602
45063021033,0.1348,+33.9616044,-081.1853977
45083023801,0.1357,+34.8496111,-081.9031052
45013002102,0.1367,+32.1865732,-080.8986570
45045002702,0.1376,+34.9430412,-082.3485717
45063021019,0.1385,+33.9932967,-081.1707118
45007010102,0.1394,+34.7312026,-082.5183665
45007010800,0.1404,+34.5681044,-082.8011252
45019002604,0.1413,+32.8222997,-080.0002429
45091061707,0.1422,+35.1328855,-081.0658123
45057011201,0.1431,+35.0020502,-080.8717949
45045001204,0.144,+34.8590533,-082.3681784
45003020500,0.145,+33.5803686,-081.9174472
45015020711,0.1459,+33.1440812,-080.1200965
45021970202,0.1468,+35.1437371,-081.6698882
45015020714,0.1477,+33.0273185,-080.1382363
45079002500,0.1487,+33.9934982,-080.9938435
45045002609,0.1496,+34.8807179,-082.2731127
45013002103,0.1505,+32.2526677,-080.9631260
45051060209,0.1514,+33.7718668,-078.9473766
45019002611,0.1524,+32.8348212,-080.0393762
45051051605,0.1533,+33.6150143,-079.0285564
45063021113,0.1542,+34.0905147,-081.2005491
45013002106,0.1551,+32.2494167,-080.9091717
45085000902,0.156,+33.9307112,-080.3812259
45051051603,0.157,+33.6386523,-079.0781435
45079000600,0.1579,+34.0222500,-081.0528927
45063021206,0.1588,+34.1410009,-081.3964953
45035010819,0.1597,+32.9226885,-080.1359248
45063020510,0.1607,+34.0357070,-081.1257529
45091061708,0.1616,+35.0650371,-081.0753760
45091060906,0.1625,+35.0125319,-081.0614382
45081960300,0.1634,+34.0005513,-081.5897406
45079002100,0.1644,+33.9963901,-081.0085159
45083022403,0.1653,+35.0591273,-081.9183544
45051060207,0.1662,+33.7649493,-078.8912161
45091061005,0.1671,+35.0499459,-080.9660887
45091061705,0.1681,+35.1201723,-081.1896542
45051051302,0.169,+33.5809735,-079.0076889
45045002811,0.1699,+34.8066326,-082.3037438
45019002300,0.1708,+32.5734128,-080.3153210
45079011415,0.1717,+34.1482481,-080.8586460
45077011202,0.1727,+34.6464820,-082.8300268
45045001809,0.1736,+34.8671767,-082.3392350
45019001901,0.1745,+32.7470539,-079.9967682
45063021034,0.1754,+33.9579627,-081.1546493
45041000102,0.1764,+34.1908107,-079.8738414
45077010403,0.1773,+34.8488264,-082.7112797
45079002700,0.1782,+33.9898359,-081.0174700
45063021109,0.1791,+34.0512270,-081.1754666
45079000700,0.1791,+34.0177977,-081.0406649
45083023404,0.181,+34.8541635,-082.1139313
45003021202,0.1819,+33.5444436,-081.7430826
45079010306,0.1828,+34.1347747,-081.2648753
45045001808,0.1837,+34.8451301,-082.3292341
45045003011,0.1847,+34.7317039,-082.2349019
45063020605,0.1856,+33.9250885,-081.0694330
45077011203,0.1865,+34.6792351,-082.8023449
45051060404,0.1874,+33.8009395,-078.9787748
45077010601,0.1884,+34.9108023,-082.5622379
45007010103,0.1893,+34.7838001,-082.5142370
45045002812,0.1902,+34.8035511,-082.2698565
45043920502,0.1911,+33.5181934,-079.0806567
45051050402,0.1921,+33.7346759,-078.8460130
45079011603,0.193,+33.9850728,-080.9522562
45063021112,0.1939,+34.0793287,-081.1703013
45007010500,0.1948,+34.6393655,-082.5726968
45045002611,0.1958,+34.9509757,-082.3161049
45055970700,0.1967,+34.1764818,-080.5520579
45019004606,0.1976,+32.8232078,-079.8820580
45013002105,0.1985,+32.2787090,-080.9215404
45045001000,0.1994,+34.8606403,-082.4002483
45063020508,0.2004,+34.0049325,-081.0988191
45077010602,0.2013,+34.8637948,-082.5383536
45041001503,0.2022,+34.1615375,-079.9043121
45063021204,0.2031,+34.1597134,-081.3343000
45035010501,0.2041,+33.0517155,-080.2629243
45073030200,0.205,+34.9536664,-082.9849556
45079011411,0.2059,+34.1087411,-080.9119775
45043920501,0.2068,+33.5608845,-079.0419987
45045003010,0.2078,+34.7569276,-082.2476429
45091061701,0.2087,+35.1053531,-081.3302319
45063021304,0.2096,+33.9897850,-081.4128924
45079010305,0.2105,+34.1045973,-081.1970626
45063021111,0.2114,+34.0661938,-081.1554643
45023020601,0.2124,+34.6196182,-081.2596425
45063020708,0.2133,+33.8952586,-081.1260597
45051051301,0.2142,+33.5915884,-078.9922266
45079011301,0.2151,+34.0374796,-080.9464728
45055970300,0.2161,+34.4430660,-080.7244223
45019001500,0.217,+32.8070997,-079.9522715
45083023301,0.2179,+34.9600128,-082.2129522
45059920501,0.2188,+34.5996461,-081.9632935
45045003202,0.2198,+34.5463658,-082.3300569
45077010903,0.2207,+34.8165538,-082.5243038
45019001000,0.2216,+32.7919285,-079.9443325
45083023001,0.2216,+34.9854289,-082.1621834
45019005100,0.2235,+32.7866809,-079.9264498
45045002404,0.2244,+35.1367626,-082.2948170
45051060208,0.2253,+33.7328255,-078.9144843
45045001804,0.2262,+34.8892079,-082.3156235
45035010816,0.2271,+32.9515227,-080.1346558
45029970800,0.2281,+32.6282954,-080.5036583
45007010900,0.229,+34.5210374,-082.8802369
45003021500,0.2299,+33.5438340,-081.7090286
45019002101,0.2308,+32.7430103,-080.0840064
45035010809,0.2318,+32.9987250,-080.1662810
45019000100,0.2327,+32.7721636,-079.9406132
45035010801,0.2336,+32.8955573,-080.2650986
45083022005,0.2345,+34.8963095,-082.0038734
45045003103,0.2355,+34.6681953,-082.2357458
45019002003,0.2364,+32.6854321,-079.9526678
45041001300,0.2373,+34.1682753,-079.8015603
45007010600,0.2382,+34.6465816,-082.6814321
45003021203,0.2392,+33.4860371,-081.7256873
45059920201,0.2401,+34.4881878,-082.2236946
45045000200,0.241,+34.8478319,-082.3974862
45079002400,0.2419,+34.0016746,-080.9684233
45045002503,0.2428,+34.9060735,-082.2434794
45019004611,0.2438,+32.7918747,-079.8300457
45077011101,0.2447,+34.7346996,-082.8081851
45019002103,0.2456,+32.6727041,-080.0718045
45079011202,0.2465,+34.0260545,-080.9781370
45083022101,0.2475,+34.9349253,-081.8645377
45015020903,0.2484,+32.9200203,-080.0032732
45015020904,0.2493,+32.9471998,-080.0320733
45091060700,0.2502,+34.9606397,-081.0380086
45003021602,0.2512,+33.5103235,-081.6813231
45013011100,0.2521,+32.1776296,-080.7213883
45083023201,0.253,+34.9888301,-082.2097645
45083023403,0.2539,+34.8840778,-082.0792475
45091061302,0.2548,+34.8531593,-081.0743516
45045003902,0.2558,+34.9896106,-082.3867099
45055970401,0.2567,+34.2844433,-080.7465529
45077010100,0.2576,+35.0169605,-082.7749320
45045000400,0.2585,+34.8381271,-082.3983635
45019004607,0.2595,+32.7958351,-079.8922487
45077010300,0.2604,+34.8111934,-082.8049294
45013010900,0.2613,+32.2239188,-080.6788847
45065920100,0.2622,+33.9810856,-082.4457193
45035010503,0.2632,+32.9937687,-080.2777418
45045002610,0.2641,+34.9339545,-082.3196670
45055970903,0.265,+34.1746939,-080.8163615
45063021009,0.2659,+33.9061845,-081.2781687
45035010505,0.2669,+32.9883521,-080.2059747
45007000200,0.2678,+34.5217065,-082.6449925
45085001704,0.2687,+33.8928584,-080.3795257
45041001400,0.2696,+34.1570461,-079.7798661
45051040400,0.2705,+33.8134721,-078.7040302
45077010200,0.2715,+34.8872872,-082.8369628
45007010200,0.2724,+34.7136393,-082.4741527
45047970701,0.2733,+34.1717850,-081.9423252
45091061203,0.2742,+34.8511086,-080.9339622
45079011418,0.2752,+34.1299753,-080.8929715
45053950201,0.2761,+32.3984799,-080.9415727
45073030300,0.277,+34.8081844,-082.9854921
45051051403,0.2779,+33.6517690,-078.9651225
45003022002,0.2789,+33.4164848,-081.7462502
45045003012,0.2798,+34.7249692,-082.2736227
45051060406,0.2807,+33.7513210,-079.0028446
45045003104,0.2816,+34.6113988,-082.2588515
45051050102,0.2825,+33.7357637,-078.8699522
45063020604,0.2835,+33.9431736,-081.0661216
45071950602,0.2844,+34.1483660,-081.4434453
45083022302,0.2853,+35.0814772,-081.8434782
45083022404,0.2862,+35.0884832,-081.9881342
45091061502,0.2872,+34.9727579,-081.1916550
45063021020,0.2881,+33.9828414,-081.1597337
45063021027,0.289,+34.0047041,-081.2447678
45007011600,0.2899,+34.3903398,-082.5160908
45041001505,0.2909,+34.0897395,-079.7823755
45083021303,0.2918,+34.9613348,-081.8731163
45007001100,0.2927,+34.5418110,-082.6594195
45051040103,0.2936,+33.8802992,-078.6541160
45083023405,0.2946,+34.8457682,-082.1726742
45045002402,0.2955,+35.0071671,-082.2654592
45091061201,0.2964,+34.9106162,-080.9614516
45019002612,0.2973,+32.8174841,-080.0204648
45073030602,0.2982,+34.7786328,-082.9168907
45037970502,0.2992,+33.6202063,-082.0215744
45071950100,0.3001,+34.3277733,-081.4594005
45077010902,0.301,+34.7991552,-082.5662724
45045002403,0.3019,+35.0631886,-082.2691979
45079011413,0.3029,+34.1061891,-080.8804863
45051040104,0.3038,+33.8868648,-078.6108585
45045001810,0.3047,+34.8617386,-082.3481127
45045002805,0.3056,+34.8495102,-082.2900591
45015020301,0.3066,+33.2871316,-079.8280540
45051051202,0.3075,+33.6025215,-078.9823450
45051060204,0.3084,+33.7068355,-078.9669823
45083020602,0.3093,+34.9317702,-081.9805712
45047970101,0.3102,+34.3088563,-082.1849097
45015020724,0.3112,+32.9970058,-079.9666500
45027960400,0.3121,+33.7237211,-080.3778775
45043920302,0.313,+33.3895567,-079.2722447
45051051000,0.3139,+33.6667569,-078.9501527
45063021031,0.3149,+33.9906391,-081.2175275
45013002108,0.3158,+32.2226585,-080.8256590
45051060206,0.3167,+33.7481936,-078.9320200
45051070601,0.3176,+33.8031326,-079.1758303
45019003114,0.3186,+32.9525906,-080.0509817
45015020715,0.3195,+33.0374732,-080.1221350
45045000100,0.3204,+34.8566121,-082.3891798
45045003802,0.3213,+34.9136194,-082.4167711
45079010200,0.3223,+34.1681995,-081.0716137
45063020908,0.3232,+33.8863124,-081.1832129
45015020505,0.3241,+33.1537443,-080.0382644
45073030402,0.325,+34.7635571,-083.0200613
45083022304,0.3259,+35.1470996,-081.9381782
45041000600,0.3269,+34.1546745,-079.7528863
45083022802,0.3278,+35.0145298,-082.0963419
45091060102,0.3287,+34.9430917,-081.0206451
45023020400,0.3296,+34.7811483,-081.2137768
45051051700,0.3306,+33.6506755,-078.9309925
45079011419,0.3315,+34.1246693,-080.9027930
45051070200,0.3324,+33.8580120,-079.0476531
45045004002,0.3333,+35.1209018,-082.4370760
45029970200,0.3343,+32.9765716,-080.9462173
45091061501,0.3352,+35.0340052,-081.2596548
45051070701,0.3361,+33.9301965,-079.0725104
45045001805,0.337,+34.8801813,-082.3417582
45087030700,0.338,+34.6214610,-081.7049843
45085001703,0.3389,+33.8933790,-080.4217694
45083021402,0.3398,+35.0164539,-081.9222548
45015020707,0.3407,+33.0619117,-080.0440881
45013010400,0.3416,+32.1985315,-080.7550507
45051060203,0.3426,+33.7255263,-078.9848479
45035010605,0.3435,+33.0070153,-080.2180399
45045001900,0.3444,+34.8200676,-082.3474849
45015020716,0.3453,+33.0132704,-080.1087900
45007012002,0.3463,+34.4883851,-082.7367187
45051051404,0.3472,+33.6242807,-078.9876584
45013000300,0.3481,+32.4676898,-080.7840865
45007000300,0.349,+34.5294088,-082.6282596
45079010104,0.35,+34.2216804,-080.9019379
45021970100,0.3509,+35.1031978,-081.7809925
45035010603,0.3518,+33.0468783,-080.2171274
45091060907,0.3527,+34.9949457,-081.0157575
45091061404,0.3536,+34.9338723,-081.0767709
45003022100,0.3546,+33.3147374,-081.8384557
45027960703,0.3555,+33.5259083,-080.2211000
45019000700,0.3564,+32.7893794,-079.9385460
45019002613,0.3573,+32.8200495,-080.0433739
45045002904,0.3583,+34.7790647,-082.3298211
45041000101,0.3592,+34.2251954,-079.8268928
45015020503,0.3601,+33.2179689,-080.0966171
45035010815,0.361,+32.9645311,-080.1462027
45007011202,0.362,+34.5595444,-082.6008259
45015020719,0.3629,+33.0289587,-080.0728450
45047971000,0.3638,+34.0460636,-082.0457402
45041000202,0.3647,+34.1653321,-079.8327347
45083023202,0.3657,+34.9056795,-082.1772299
45021970602,0.3666,+34.9811165,-081.5634886
45051040300,0.3675,+33.8340470,-078.6677196
45079011102,0.3684,+34.0472658,-080.9686788
45045001807,0.3693,+34.8768401,-082.3137671
45019003200,0.3703,+32.8989988,-080.0497394
45079011502,0.3712,+33.9959495,-080.9229654
45019003600,0.3721,+32.8778634,-079.9842690
45035010808,0.373,+32.9763518,-080.1774487
45013010200,0.374,+32.1519392,-080.7893447
45051020100,0.3749,+34.1212643,-078.9380975
45049920100,0.3758,+32.9411602,-081.1416812
45063021018,0.3767,+33.9181314,-081.1929471
45083022500,0.3777,+35.1426719,-082.1528531
45047970302,0.3786,+34.2103000,-082.2139248
45003021102,0.3795,+33.5290504,-081.8045716
45045002602,0.3804,+34.9063398,-082.3042731
45079010407,0.3813,+34.0504530,-081.0900867
45023020500,0.3823,+34.7361525,-081.3682284
45057010300,0.3832,+34.5705217,-080.7384781
45055970403,0.3841,+34.2183873,-080.6619753
45015020712,0.385,+33.0974243,-080.1025100
45075010900,0.386,+33.5692930,-080.9216953
45003020701,0.3869,+33.5232476,-081.9710806
45051070102,0.3878,+33.8850044,-078.9240534
45055970902,0.3887,+34.1171926,-080.6538749
45013010500,0.3897,+32.2217262,-080.7591761
45035010807,0.3906,+32.9669501,-080.1860258
45051080101,0.3915,+34.0360374,-079.1450418
45079002603,0.3924,+33.9782377,-080.9881560
45031010400,0.3934,+34.3642401,-080.2761274
45079001600,0.3943,+34.0035118,-081.0483875
45057011100,0.3952,+34.7749209,-080.8068098
45015020713,0.3961,+33.0714364,-080.1305502
45041000201,0.397,+34.1991944,-079.8244682
45015020809,0.398,+32.9860445,-080.0239889
45005970300,0.3989,+33.0551986,-081.2151634
45079010403,0.3998,+34.0221797,-081.0849436
45045004001,0.4007,+35.0354270,-082.3769893
45079010103,0.4017,+34.1714304,-080.9313751
45063020904,0.4026,+33.7310064,-081.2106588
45051040200,0.4035,+33.8517082,-078.6005410
45051051405,0.4044,+33.6097828,-078.9999521
45063021308,0.4054,+33.8064039,-081.3775683
45045001600,0.4063,+34.9145133,-082.3559783
45035010813,0.4072,+32.9767187,-080.1609388
45091060802,0.4081,+34.9522975,-081.0020082
45051051601,0.409,+33.6597535,-079.0227565
45007011100,0.41,+34.5562299,-082.7000331
45051060308,0.4109,+33.8055890,-078.8474659
45091061401,0.4118,+34.8865633,-081.2521805
45051051201,0.4127,+33.6145803,-078.9706701
45077010401,0.4137,+34.9652871,-082.7102022
45077011204,0.4146,+34.7401093,-082.8511800
45003020902,0.4155,+33.4770252,-081.8642791
45079011414,0.4164,+34.1126260,-080.8583905
45077011001,0.4174,+34.8147739,-082.7078787
45045001205,0.4183,+34.8631405,-082.3765112
45051070101,0.4192,+33.9111006,-079.0002954
45051050401,0.4201,+33.7438694,-078.8293091
45091061101,0.4211,+35.0203157,-080.9347880
45091061900,0.422,+34.9358730,-081.4112177
45057010900,0.4229,+34.7385541,-080.7834700
45077011205,0.4238,+34.6834674,-082.8345660
45051030102,0.4247,+33.9266369,-078.8090990
45075011600,0.4257,+33.4474787,-080.9233131
45059920101,0.4266,+34.6996110,-082.1321446
45079011416,0.4275,+34.1725673,-080.8831730
45037970201,0.4284,+33.7991298,-082.0815403
45015020302,0.4294,+33.3018139,-079.9643439
45035010100,0.4303,+33.1480702,-080.6398107
45051080200,0.4312,+33.9415985,-079.2327837
45051040500,0.4321,+33.7932933,-078.7441369
45055970904,0.4331,+34.1845536,-080.7606670
45013000100,0.434,+32.5821594,-080.7263936
45013000902,0.4349,+32.4453561,-080.6342550
45043920503,0.4358,+33.4766920,-079.1281755
45079003000,0.4367,+34.0011753,-081.0215931
45023020800,0.4377,+34.7511502,-080.9358989
45013000503,0.4386,+32.3804562,-080.7359040
45003020301,0.4395,+33.6617363,-081.7996383
45045002803,0.4404,+34.8679018,-082.2744454
45051051501,0.4404,+33.6916274,-078.9850450
45015020101,0.4423,+33.3435539,-080.1699561
45083021902,0.4432,+34.9240100,-082.0181976
45013011000,0.4441,+32.1962579,-080.7074487
45075011000,0.4451,+33.5254269,-080.8599676
45045003005,0.446,+34.7373354,-082.2632243
45013002107,0.4469,+32.2608068,-080.8659839
45003021900,0.4478,+33.4808781,-081.5175166
45079010412,0.4488,+34.0384150,-081.0773560
45079011101,0.4497,+34.0379947,-080.9878696
45077010502,0.4506,+34.9029715,-082.6597995
45045003301,0.4515,+34.6906109,-082.4349967
45073030601,0.4524,+34.7033834,-082.9775697
45063020907,0.4534,+33.8799291,-081.2415534
45083022401,0.4543,+35.1476875,-082.0394651
45085000400,0.4552,+34.0109741,-080.3232407
45083022801,0.4561,+35.0670185,-082.0543873
45017950400,0.4571,+33.6163620,-080.6418795
45063020906,0.458,+33.8384587,-081.2633019
45041002500,0.4589,+34.0623061,-079.9431534
45063020707,0.4598,+33.8857313,-081.0979076
45007012001,0.4608,+34.5165948,-082.7136730
45021970700,0.4617,+34.9391090,-081.6473053
45013000700,0.4626,+32.4169450,-080.6897104
45019000900,0.4635,+32.7976264,-079.9287806
45021970601,0.4635,+35.0111132,-081.6599835
45079011701,0.4654,+33.9462907,-081.0037285
45013001101,0.4663,+32.4230434,-080.5098578
45083023500,0.4672,+34.7820839,-082.0585671
45079010102,0.4681,+34.1723843,-080.9792738
45055970200,0.4691,+34.5100021,-080.4724066
45051051406,0.47,+33.5912971,-079.0183643
45045003903,0.4709,+34.9881191,-082.4811278
45079011404,0.4718,+34.1092531,-080.9554245
45029970700,0.4728,+32.9441939,-080.4785182
45079011902,0.4737,+33.9545013,-080.7936169
45057010100,0.4746,+34.7289023,-080.5604968
45083022406,0.4755,+35.0323381,-081.9747638
45007011300,0.4765,+34.4693731,-082.5413588
45041001100,0.4774,+34.1907523,-079.7961389
45055970500,0.4783,+34.2954753,-080.6158639
45015020804,0.4792,+32.9757600,-080.0134479
45077011003,0.4801,+34.7504727,-082.6699358
45045003801,0.4811,+34.9286296,-082.4471966
45061920400,0.482,+34.1333089,-080.4047875
45083023401,0.4829,+34.9190751,-082.0587337
45079010413,0.4838,+34.0284855,-081.0771615
45045003304,0.4848,+34.7063155,-082.3397434
45019003107,0.4857,+32.9600374,-080.1009931
45077010802,0.4866,+34.8426672,-082.5770296
45071950300,0.4875,+34.4418336,-081.6326682
45039960200,0.4885,+34.4781194,-081.0698563
45029970402,0.4894,+32.9671267,-080.6527418
45079011417,0.4903,+34.1485824,-080.8993483
45003020901,0.4912,+33.3899311,-081.8925725
45067950700,0.4922,+34.0125717,-079.3953178
45075011900,0.4931,+33.5397070,-081.0887672
45001950300,0.494,+34.2530788,-082.5824673
45015020808,0.4949,+32.9946875,-080.0183186
45091060402,0.4958,+34.9027816,-081.0466023
45075011800,0.4968,+33.4920648,-081.1791302
45015020710,0.4977,+33.0923660,-080.1901804
45083022700,0.4986,+35.0718490,-082.1665305
45051040101,0.4995,+33.8980755,-078.6953749
45091061202,0.5005,+34.9090577,-080.8937232
45085001901,0.5014,+33.8036072,-080.4217087
45045002103,0.5023,+34.8059127,-082.4073509
45083022405,0.5032,+35.0550885,-081.9892445
45079002900,0.5042,+33.9936414,-081.0372080
45075010500,0.5051,+33.3425627,-080.6643583
45019002605,0.506,+32.8034113,-079.9928200
45063020511,0.5069,+34.0486881,-081.1314404
45063020100,0.5078,+33.9504976,-081.0398065
45059920104,0.5088,+34.6162760,-082.1879444
45061920100,0.5097,+34.2555206,-080.1752007
45019002502,0.5106,+32.7290527,-080.2269830
45079002800,0.5115,+33.9821485,-081.0333383
45015020405,0.5125,+33.0127641,-079.8275141
45079011303,0.5134,+34.0800258,-080.9404466
45083023002,0.5134,+34.9658718,-082.0738197
45071950601,0.5152,+34.1917033,-081.5448551
45047970201,0.5162,+34.2624686,-082.1268673
45083021803,0.5171,+35.0125503,-082.0030763
45023020700,0.518,+34.7364624,-081.0291076
45083022006,0.5189,+34.8774695,-081.9760979
45019002702,0.5199,+32.7926930,-080.0087214
45047970301,0.5208,+34.2232322,-082.1807949
45051070602,0.5217,+33.7107240,-079.1159442
45083023802,0.5226,+34.7826575,-081.8721797
45091061007,0.5235,+35.0770172,-080.9234531
45079011407,0.5245,+34.1090625,-080.7877667
45007011800,0.5254,+34.4155786,-082.6296198
45051080102,0.5263,+34.0039385,-079.2072429
45091060804,0.5272,+34.9707405,-081.0072752
45011970500,0.5282,+33.1776388,-081.3817810
45077011002,0.5291,+34.7760173,-082.6984761
45013000600,0.53,+32.4494075,-080.6875512
45013000903,0.5309,+32.3824780,-080.6515172
45087030600,0.5319,+34.6087329,-081.4943191
45059920102,0.5328,+34.6390059,-082.0572767
45073030100,0.5337,+34.8169487,-083.1735571
45087030900,0.5346,+34.8144497,-081.5303340
45007011401,0.5355,+34.5142174,-082.5030071
45023020900,0.5365,+34.6182565,-081.0032560
45059920301,0.5374,+34.4806809,-082.0822038
45077010804,0.5383,+34.8226519,-082.5830564
45083022600,0.5392,+35.1735263,-082.1860038
45063020602,0.5402,+33.9636284,-081.1190800
45047970702,0.5411,+34.1649441,-082.0235799
45009960300,0.542,+33.1710465,-081.1518703
45039960500,0.5429,+34.2860838,-081.1792971
45017950100,0.5439,+33.7420117,-080.9452527
45045003201,0.5448,+34.6268187,-082.3335881
45051030103,0.5457,+33.9640860,-078.7323431
45045002107,0.5466,+34.8167433,-082.4266676
45003020802,0.5476,+33.4918418,-081.9708285
45003022001,0.5485,+33.4469771,-081.6399794
45003020200,0.5494,+33.6685580,-081.6441212
45091061602,0.5503,+34.9921871,-081.2207561
45073030702,0.5512,+34.6541582,-082.8855542
45019003109,0.5522,+32.8942569,-080.0794055
45045003904,0.5531,+34.9863586,-082.4422353
45063021404,0.554,+33.9454764,-081.4891188
45019005000,0.5549,+33.0393507,-079.5734552
45087030500,0.5559,+34.6629992,-081.5935650
45075011200,0.5568,+33.4986800,-080.8440100
45077011103,0.5577,+34.7566629,-082.7636169
45063021030,0.5586,+33.9818300,-081.2111492
45045001803,0.5596,+34.9002092,-082.3255295
45045003303,0.5605,+34.6918423,-082.3925094
45019000400,0.5614,+32.7825377,-079.9353260
45051051502,0.5623,+33.6708235,-078.9839079
45001950200,0.5633,+34.3258512,-082.4084968
45015020806,0.5642,+33.0181173,-080.0318503
45019003111,0.5651,+32.8740625,-080.0295600
45091060901,0.566,+34.9579150,-080.9758058
45045002808,0.5669,+34.8429987,-082.2609847
45051030101,0.5679,+33.9968965,-078.7814877
45083023900,0.5688,+34.8869316,-081.7864815
45063021306,0.5697,+33.9408267,-081.3600200
45035010604,0.5706,+33.0251456,-080.2112637
45059920202,0.5716,+34.3871887,-082.1544992
45063020202,0.5725,+33.9592231,-081.0781384
45035010818,0.5734,+32.9256789,-080.1018839
45091061802,0.5743,+35.0920972,-081.2223217
45051050700,0.5753,+33.6888479,-078.8889817
45011970400,0.5762,+33.2281969,-081.2774271
45051060403,0.5771,+33.8209433,-079.0148447
45021970402,0.578,+35.0931953,-081.4721855
45043920800,0.5789,+33.2899077,-079.4344696
45003021300,0.5799,+33.5673561,-081.7526423
45037970501,0.5808,+33.6607869,-081.9467352
45015020723,0.5817,+32.9972694,-080.0464023
45085000202,0.5826,+34.0127661,-080.4618438
45083022007,0.5836,+34.9036817,-081.9662257
45003021800,0.5845,+33.5855572,-081.3305280
45077010501,0.5854,+34.9720256,-082.5860046
45027960201,0.5863,+33.7982242,-080.0401952
45039960300,0.5873,+34.3424663,-080.9219134
45021970503,0.5882,+35.0483928,-081.5605540
45055970800,0.5891,+34.2226390,-080.5951484
45029970401,0.59,+33.0054202,-080.7171243
45063020506,0.591,+34.0140354,-081.1321082
45091060905,0.5919,+34.9584300,-081.0651330
45079011608,0.5928,+33.9677250,-080.9299446
45015020717,0.5937,+33.0290919,-080.0980921
45007011700,0.5946,+34.3109700,-082.6793835
45091061301,0.5956,+34.8868433,-081.0383810
45051020300,0.5965,+34.0146550,-078.9590241
45051040102,0.5974,+33.8606822,-078.6881471
45063020703,0.5983,+33.9136144,-081.1464299
45051060101,0.5993,+33.7554846,-079.0416290
45031011500,0.6002,+34.2146847,-080.0037918
45015020506,0.6011,+33.1834737,-079.9987130
45051060102,0.602,+33.6995664,-079.0388546
45045002504,0.603,+34.9441768,-082.2341056
45031010200,0.6039,+34.4152865,-080.1901914
45047970900,0.6048,+34.0389170,-082.2095765
45077010700,0.6057,+34.8679981,-082.6389058
45021970401,0.6066,+35.1411998,-081.5456614
45019002200,0.6076,+32.6576817,-080.1839478
45007010300,0.6085,+34.6570078,-082.4929075
45057011001,0.6094,+34.7034846,-080.6749230
45083020603,0.6103,+34.9354348,-081.9601393
45079011901,0.6113,+33.9611342,-080.8599622
45079001100,0.6122,+34.0228440,-081.0031652
45085000201,0.6131,+33.9933065,-080.5847260
45059921001,0.614,+34.3629151,-082.0389254
45073030902,0.615,+34.5674445,-082.9778172
45019003106,0.6159,+33.0022955,-080.1401076
45071950700,0.6168,+34.2387054,-081.7797569
45047970400,0.6177,+34.1698568,-082.2054546
45085000300,0.6187,+33.9726572,-080.4673192
45051070300,0.6196,+33.8534671,-079.0653864
45045003701,0.6205,+34.9089437,-082.4780232
45023020602,0.6214,+34.7136872,-081.1207622
45065920300,0.6223,+33.7542930,-082.1999073
45063020801,0.6233,+33.7459878,-080.9949528
45019003900,0.6242,+32.8491452,-080.0158790
45083021500,0.6251,+34.9800448,-081.9284454
45001950100,0.626,+34.4109638,-082.3305988
45021970201,0.627,+35.0819573,-081.7015857
45049920500,0.6279,+32.6522300,-081.2720655
45029970300,0.6288,+32.7969954,-080.7531345
45007011500,0.6297,+34.4662024,-082.4055574
45049920300,0.6307,+32.7268667,-080.9155997
45053950100,0.6316,+32.5531475,-081.0749103
45041001602,0.6325,+34.0531476,-079.6846430
45063021403,0.6325,+33.8468602,-081.5057017
45089970400,0.6343,+33.6085250,-079.5803964
45059920800,0.6353,+34.4227328,-081.8992407
45063021029,0.6362,+33.9709573,-081.2466290
45079011607,0.6371,+33.9539740,-080.9388575
45031010300,0.638,+34.4025818,-080.0722686
45041001506,0.639,+34.0645955,-079.8366064
45045003101,0.6399,+34.7043385,-082.2045941
45047970202,0.6408,+34.2259006,-082.1588209
45015020718,0.6417,+33.0440118,-080.0903542
45057010600,0.6427,+34.6743516,-080.7400025
45089970100,0.6436,+33.7988225,-079.7949039
45031010500,0.6445,+34.3693401,-080.0874346
45059921002,0.6454,+34.2923122,-081.9568343
45083021401,0.6464,+35.0086067,-081.8784460
45059920900,0.6473,+34.3961678,-081.8367798
45083023700,0.6482,+34.6789415,-081.9162707
45035010504,0.6491,+32.9855747,-080.2374595
45019002701,0.65,+32.7976991,-080.0287926
45045000500,0.651,+34.8376715,-082.4115284
45041002300,0.6519,+33.9761578,-079.7380335
45007010700,0.6528,+34.6422416,-082.7791119
45035010400,0.6537,+33.0372476,-080.3509226
45015020811,0.6547,+32.9607154,-080.0113734
45049920200,0.6556,+32.8590563,-081.0106074
45083021100,0.6565,+34.9269747,-081.9077608
45033970500,0.6574,+34.3339068,-079.2077718
45007010402,0.6584,+34.5777621,-082.5046973
45023021000,0.6593,+34.5721311,-080.9053042
45085000600,0.6602,+33.8639807,-080.2555582
45063020601,0.6611,+33.9745750,-081.0894477
45063020509,0.662,+34.0041109,-081.0744651
45073031000,0.663,+34.6292891,-083.0946501
45083022003,0.6639,+34.8926326,-081.9215040
45083022201,0.6648,+34.9833807,-081.8364339
45079010501,0.6657,+34.0691862,-081.0699246
45081960202,0.6667,+33.9835560,-081.7334123
45079000400,0.6676,+34.0350024,-081.0510468
45041001700,0.6685,+34.0940878,-079.5922582
45003020100,0.6694,+33.7594321,-081.5589626
45063021305,0.6704,+33.9090644,-081.4354958
45075012000,0.6713,+33.6313521,-081.0559758
45079010409,0.6722,+34.0607311,-081.1090990
45063020802,0.6731,+33.7720562,-081.0791953
45023020100,0.6741,+34.7072992,-081.1976304
45055970100,0.675,+34.4265586,-080.3805615
45009960400,0.6759,+33.1236266,-080.9867065
45079011800,0.6768,+33.8589467,-080.8552642
45077011102,0.6777,+34.7109098,-082.7563613
45087030800,0.6787,+34.8417937,-081.6902672
45079010411,0.6796,+34.0430439,-081.1062233
45079011606,0.6805,+33.9661291,-080.9005535
45041000300,0.6814,+34.2297143,-079.7387975
45015020504,0.6824,+33.2060781,-080.0069274
45019003108,0.6833,+32.9160676,-080.0723760
45003020302,0.6842,+33.6120849,-081.7527523
45083023101,0.6851,+34.9268573,-082.1335794
45015020810,0.6861,+32.9715141,-080.0321460
45013000800,0.687,+32.3847275,-080.6965888
45045002507,0.6879,+34.9637370,-082.2399111
45025950400,0.6888,+34.7255811,-080.1008750
45055970402,0.6898,+34.2346731,-080.6900046
45073030500,0.6907,+34.7202582,-083.0545195
45081960100,0.6916,+34.1172525,-081.7462622
45031010900,0.6925,+34.4067730,-079.9649109
45063021307,0.6934,+33.8642692,-081.4266675
45025950300,0.6944,+34.7507742,-080.2423477
45031010800,0.6953,+34.3024008,-080.0484845
45079010304,0.6962,+34.0792076,-081.1443462
45045004101,0.6971,+35.0374840,-082.5065924
45003020602,0.6981,+33.5393479,-081.9336458
45037970400,0.699,+33.7032284,-081.8705262
45045002903,0.6999,+34.7787267,-082.2934095
45023020200,0.7008,+34.7003242,-081.2195686
45055970602,0.7018,+34.3673741,-080.6043918
45079011412,0.7027,+34.0874725,-080.9065740
45067950800,0.7036,+33.8452217,-079.2984840
45031011100,0.7045,+34.3032610,-079.8702831
45027960802,0.7054,+33.5022910,-080.3523575
45045004400,0.7064,+34.8479697,-082.3501653
45089970300,0.7073,+33.7322496,-079.4268421
45051050500,0.7082,+33.7168113,-078.8665665
45051070500,0.7091,+33.8115206,-079.0776842
45033970600,0.7101,+34.3374526,-079.4823899
45057010500,0.711,+34.6924242,-080.8004274
45045002301,0.7119,+34.8974078,-082.4242706
45041001504,0.7128,+34.1361499,-079.8361998
45021970301,0.7138,+35.0852653,-081.6728558
45057011002,0.7147,+34.7643953,-080.6816257
45063020300,0.7156,+33.9896272,-081.0628508
45089970900,0.7165,+33.4436303,-079.6714450
45045001700,0.7175,+34.8964300,-082.3498565
45059920103,0.7184,+34.5727590,-082.1349400
45045003705,0.7193,+34.8515148,-082.4672029
45063020905,0.7202,+33.8336017,-081.1918645
45003021700,0.7211,+33.6526535,-081.4246323
45063020505,0.7221,+33.9923387,-081.0921352
45021970501,0.723,+35.0289578,-081.6208610
45045001502,0.7239,+34.8028510,-082.3837910
45003021001,0.7248,+33.5096425,-081.8696608
45091061801,0.7258,+35.1252818,-081.2174193
45079002604,0.7267,+33.9785836,-080.9804952
45067950500,0.7276,+34.1533161,-079.2355042
45007010401,0.7285,+34.6216670,-082.4858460
45063020705,0.7295,+33.8397325,-081.0661851
45045002108,0.7304,+34.8289154,-082.4158114
45051010100,0.7313,+34.1740918,-079.0834546
45041001601,0.7322,+34.1223969,-079.7280746
45015020901,0.7331,+32.9077134,-080.0080983
45059920400,0.7341,+34.4928213,-082.0269534
45069960100,0.7341,+34.7356419,-079.8138182
45063020803,0.7359,+33.7271318,-081.1454574
45089970200,0.7368,+33.7483996,-079.6055098
45075011400,0.7378,+33.5011636,-080.8687913
45063021028,0.7387,+33.9760750,-081.2676397
45069960600,0.7396,+34.4523897,-079.6514364
45025950502,0.7405,+34.7080062,-079.9249608
45015020202,0.7415,+33.4272266,-080.0396688
45045003500,0.7424,+34.7653667,-082.4346934
45019002400,0.7433,+32.7481866,-080.3518239
45015020102,0.7442,+33.1909851,-080.2731373
45089970700,0.7452,+33.6086383,-080.0059872
45025950700,0.7461,+34.5637524,-080.0730840
45035010300,0.747,+33.1819144,-080.4332330
45085001902,0.7479,+33.8074621,-080.3395798
45031011600,0.7488,+34.1546333,-080.0807553
45045002604,0.7498,+34.9153567,-082.2848315
45029970600,0.7507,+32.8621886,-080.5963164
45043920201,0.7516,+33.4085413,-079.4854138
45069960301,0.7525,+34.6238660,-079.6508936
45085001801,0.7535,+33.7842821,-080.5316267
45013000501,0.7544,+32.4255231,-080.7676172
45061920500,0.7553,+34.0739559,-080.2414677
45075010200,0.7562,+33.3204311,-080.3922399
45055970601,0.7572,+34.2838619,-080.5502151
45041002201,0.7581,+33.8669969,-079.7884800
45077010402,0.759,+34.9027375,-082.7107738
45079003100,0.7599,+34.0078902,-081.0307786
45075011700,0.7608,+33.3176401,-080.8857594
45087030400,0.7618,+34.7566760,-081.6377010
45019003113,0.7627,+32.9546311,-080.0729838
45041002400,0.7636,+33.9317418,-079.8698900
45041002600,0.7645,+34.0956922,-079.9204399
45091061601,0.7655,+34.9915480,-081.2629540
45003020702,0.7664,+33.5019859,-081.9498430
45087030300,0.7673,+34.7154252,-081.5908516
45031011000,0.7682,+34.3448080,-079.8819695
45091060803,0.7692,+34.9607591,-081.0222741
45083022900,0.7701,+35.0471492,-082.0859382
45077010901,0.771,+34.7835273,-082.6116798
45081960400,0.7719,+33.8896333,-081.6851220
45045003707,0.7729,+34.8969327,-082.4542915
45041001900,0.7738,+33.8455832,-079.4838564
45079011304,0.7747,+34.0638032,-080.9420083
45089970600,0.7756,+33.6990298,-079.8814089
45017950200,0.7765,+33.6883735,-080.8061167
45075010800,0.7775,+33.5616181,-080.8038102
45001950500,0.7784,+34.1266067,-082.3805235
45015020401,0.7793,+33.1852078,-079.7254891
45051070702,0.7802,+33.8582633,-079.1752251
45045003401,0.7812,+34.7531594,-082.3718916
45047970102,0.7821,+34.3181322,-082.2696150
45075011100,0.783,+33.5450483,-080.8457594
45027960701,0.7839,+33.6390856,-080.2315868
45063020706,0.7849,+33.8938995,-081.0488163
45013000502,0.7858,+32.4178372,-080.7337269
45001950600,0.7867,+34.1246804,-082.5850722
45027960702,0.7876,+33.5462791,-080.1548144
45051051503,0.7886,+33.6898821,-078.9573572
45085000500,0.7895,+33.9541683,-080.0572590
45045002901,0.7904,+34.7895220,-082.3456019
45045002304,0.7913,+34.8877798,-082.3940491
45083020900,0.7922,+34.9352379,-081.9329353
45079010703,0.7932,+34.0653125,-080.9965762
45073030800,0.7941,+34.6414943,-082.9517476
45083022004,0.795,+34.9087801,-081.8635820
45019005500,0.7959,+32.8532338,-079.9554747
45083020601,0.7969,+34.9436658,-081.9798619
45067950200,0.7978,+34.2489777,-079.3850692
45019001100,0.7987,+32.7905077,-079.9565809
45079000100,0.7996,+34.0497425,-081.0201576
45069960500,0.8006,+34.5616817,-079.5527531
45079010702,0.8015,+34.0951978,-081.0058934
45051060301,0.8024,+33.8542270,-078.8517314
45087030100,0.8033,+34.7276446,-081.6274414
45045003704,0.8042,+34.8676034,-082.4514725
45085002000,0.8052,+33.9296368,-080.3508768
45009960200,0.8061,+33.2528574,-080.9598246
45031011300,0.807,+34.3273952,-079.7774948
45029970100,0.8079,+33.0964204,-080.8101778
45043920100,0.8089,+33.6723859,-079.3384778
45045004300,0.8098,+34.8417160,-082.3753525
45061920200,0.8107,+34.2712347,-080.3181752
45027960300,0.8116,+33.7733141,-080.1612095
45065920200,0.8126,+33.9241259,-082.2468990
45091060200,0.8135,+34.9282234,-081.0056196
45045000900,0.8144,+34.8607575,-082.4098233
45057010200,0.8153,+34.5820726,-080.5578749
45067950100,0.8163,+34.1486832,-079.5130376
45043920301,0.8172,+33.4732875,-079.3922874
45007012200,0.8181,+34.3981509,-082.7484339
45063020903,0.819,+33.7695612,-081.3006091
45091060300,0.8199,+34.9144554,-081.0197342
45037970202,0.8209,+33.8472526,-081.9454445
45083023600,0.8218,+34.7198669,-082.0268573
45025950200,0.8227,+34.6454671,-080.3337693
45027960801,0.8236,+33.6166680,-080.4129605
45051060405,0.8246,+33.7922107,-079.0120361
45079011000,0.8255,+34.0427142,-081.0051450
45039960100,0.8264,+34.4273558,-081.3174179
45083023302,0.8273,+34.9348111,-082.2098924
45091060501,0.8283,+34.9325443,-081.0382008
45041001800,0.8292,+33.9396465,-079.5799293
45003020400,0.8301,+33.5687354,-081.8385837
45067950600,0.831,+34.1309919,-079.3264614
45043920700,0.8319,+33.3167605,-079.3360395
45075010100,0.8329,+33.3881842,-080.3006988
45035010700,0.8338,+33.0271006,-080.1731660
45041002202,0.8347,+33.8389294,-079.7194929
45083021301,0.8356,+34.9739544,-081.8915896
45077010803,0.8366,+34.8134035,-082.6260189
45063020804,0.8375,+33.7958715,-081.1449322
45043920202,0.8384,+33.5087031,-079.4737419
45033970300,0.8393,+34.4536751,-079.4414521
45081960201,0.8403,+33.9955697,-081.8669890
45079011702,0.8412,+33.9347890,-080.9620891
45019005400,0.8421,+32.8200646,-079.9429888
45063020805,0.843,+33.8404468,-081.1211844
45079010502,0.844,+34.0302758,-081.0638159
45083022303,0.8449,+35.1507291,-081.8682837
45015021000,0.8458,+32.9304423,-079.9825020
45083023102,0.8467,+34.9459973,-082.1019723
45041000500,0.8476,+34.1727846,-079.6571958
45041000400,0.8486,+34.2553928,-079.6320181
45083021403,0.8495,+34.9924944,-081.9122498
45051020200,0.8504,+34.0490659,-078.8433664
45067950400,0.8513,+34.2456525,-079.2054743
45075010400,0.8523,+33.4713405,-080.5743439
45079010804,0.8532,+34.0549353,-080.9888888
45061920302,0.8541,+34.1505544,-080.2166106
45031010100,0.855,+34.4505586,-079.8239245
45025950101,0.856,+34.7587822,-080.4600952
45001950400,0.8569,+34.2280103,-082.3768866
45007000900,0.8578,+34.5201103,-082.6661004
45045002005,0.8587,+34.7833550,-082.3709610
45075011500,0.8596,+33.4846898,-080.9252551
45049920400,0.8606,+32.7786383,-081.2056929
45071950201,0.8615,+34.3616604,-081.5619696
45077010801,0.8624,+34.8349715,-082.6269605
45083020702,0.8633,+34.9158346,-081.9432963
45063020507,0.8643,+33.9911980,-081.1355788
45043920400,0.8652,+33.5532527,-079.2329199
45007011901,0.8661,+34.4562906,-082.6632407
45069960400,0.867,+34.6853318,-079.5843029
45073031100,0.868,+34.6726176,-083.1814126
45021970502,0.8689,+35.0611810,-081.6288145
45025950600,0.8698,+34.5951251,-079.8967144
45059920600,0.8707,+34.5100227,-081.7986227
45079010701,0.8717,+34.0833468,-081.0445633
45079000200,0.8726,+34.0408728,-081.0377278
45007000500,0.8735,+34.4911674,-082.6046235
45083021804,0.8744,+34.9979287,-082.0170016
45083021600,0.8753,+34.9766538,-081.9550681
45013000200,0.8763,+32.5007617,-080.7468659
45025950800,0.8772,+34.4978789,-080.2561591
45073030701,0.8781,+34.6770968,-082.9344373
45019003105,0.879,+32.9118630,-080.0314105
45035010200,0.88,+33.1882779,-080.5663258
45013010800,0.8809,+32.2397676,-080.6876677
45033970100,0.8818,+34.5280750,-079.4228841
45069960302,0.8827,+34.7082995,-079.6969649
45041002000,0.8837,+33.8753636,-079.6769366
45045000700,0.8846,+34.8504139,-082.4126907
45083020301,0.8855,+34.9629269,-081.9384470
45085000100,0.8864,+34.0878288,-080.5369525
45045003601,0.8873,+34.8233220,-082.4625102
45019003700,0.8883,+32.8671057,-079.9825338
45091060502,0.8892,+34.9213349,-081.0520735
45041000800,0.8901,+34.2077391,-079.7472420
45031010700,0.891,+34.3541929,-080.0756425
45027960100,0.892,+33.8770296,-079.9705469
45079001300,0.8929,+34.0080154,-081.0131624
45033970200,0.8938,+34.4306966,-079.3074445
45079010803,0.8947,+34.0663498,-080.9682347
45067950300,0.8957,+34.2326200,-079.2976317
45019003115,0.8966,+32.9798853,-080.0611887
45045002201,0.8975,+34.8682367,-082.4358816
45019005300,0.8984,+32.8001609,-079.9443767
45075010600,0.8994,+33.4186687,-080.7840432
45019004400,0.9003,+32.8305580,-079.9619676
45089970801,0.9012,+33.5023185,-079.8244808
45083021802,0.9021,+34.9970483,-081.9699542
45045002505,0.903,+34.9340064,-082.2349844
45083022202,0.904,+34.9887462,-081.7972162
45079010410,0.9049,+34.0561676,-081.1188141
45007011402,0.9058,+34.5256364,-082.4416280
45079012000,0.9067,+33.9116689,-080.6752843
45013001102,0.9077,+32.3630229,-080.5792222
45057010800,0.9086,+34.7162854,-080.7786524
45079000300,0.9095,+34.0467069,-081.0624544
45085000901,0.9104,+33.9483910,-080.3732220
45019003800,0.9114,+32.8584017,-079.9999603
45039960400,0.9123,+34.3646209,-081.0494245
45031011400,0.9132,+34.2667090,-079.8343225
45021970302,0.9141,+35.0992561,-081.6011090
45079011305,0.9151,+34.0553078,-080.9267630
45053950300,0.916,+32.2481288,-081.0599775
45053950202,0.9169,+32.5364880,-080.8861724
45075010700,0.9178,+33.4951109,-080.7397468
45007012300,0.9187,+34.5134656,-082.6052554
45045002106,0.9197,+34.8274027,-082.4379801
45051070400,0.9206,+33.8403088,-079.0952981
45083020701,0.9215,+34.9279307,-081.9512610
45019003110,0.9224,+32.8669862,-080.0576673
45083020400,0.9234,+34.9541386,-081.9489874
45085001500,0.9243,+33.9057056,-080.3508863
45045003602,0.9252,+34.7976173,-082.4444363
45003021400,0.9261,+33.5732059,-081.7228476
45019004000,0.9271,+32.8453153,-079.9893873
45037970300,0.928,+33.7963576,-081.7706297
45089970501,0.9289,+33.6474741,-079.7149055
45005970400,0.9298,+32.8745690,-081.3241455
45079010600,0.9307,+34.0595573,-081.0263513
45079010805,0.9317,+34.0827631,-080.9672053
45091060401,0.9326,+34.9148169,-081.0342626
45059920700,0.9335,+34.4682270,-081.9191816
45047970800,0.9344,+34.1118770,-082.1861034
45075010300,0.9354,+33.4385177,-080.4719225
45045002001,0.9363,+34.7877058,-082.3953293
45003021002,0.9372,+33.5044854,-081.9155699
45023020300,0.9381,+34.7207553,-081.2148403
45059920502,0.9391,+34.5452035,-082.0223328
45025950501,0.94,+34.7620024,-079.9701003
45029970500,0.9409,+32.9053462,-080.6718142
45083021901,0.9418,+34.9631089,-082.0186459
45051050600,0.9428,+33.7041378,-078.8898834
45007011902,0.9437,+34.4625078,-082.6216538
45087030200,0.9446,+34.7080486,-081.6317056
45031011200,0.9455,+34.2982794,-079.8984230
45083020800,0.9464,+34.9367442,-081.9385301
45025950102,0.9474,+34.7764444,-080.3532142
45043920600,0.9483,+33.3933217,-079.3306841
45047970600,0.9492,+34.1890147,-082.0906631
45071950202,0.9501,+34.2795093,-081.5635938
45079001000,0.9511,+34.0186611,-081.0204553
45045002105,0.952,+34.8386720,-082.4266332
45041001000,0.9529,+34.1911403,-079.7695503
45085001100,0.9538,+33.9269458,-080.2929001
45011970100,0.9548,+33.3910823,-081.3942081
45045002302,0.9557,+34.8811322,-082.4173125
45083020500,0.9566,+34.9469448,-081.9517727
45003021601,0.9575,+33.5657978,-081.6608854
45027960600,0.9584,+33.6405605,-080.0946747
45009960100,0.9594,+33.3261599,-081.1667580
45079000500,0.9603,+34.0325295,-081.0314226
45003021101,0.9612,+33.5131735,-081.8298967
45063021402,0.9621,+33.9067406,-081.5379320
45075011300,0.9631,+33.4824862,-080.8596624
45061920600,0.964,+34.0347695,-080.1011033
45015020201,0.9649,+33.3806007,-079.8905635
45045003706,0.9658,+34.8818804,-082.4571566
45051050900,0.9658,+33.6942078,-078.9128736
45057010700,0.9677,+34.7180813,-080.7600821
45007000700,0.9686,+34.4939131,-082.6616905
45089970502,0.9695,+33.7051116,-079.7531332
45045002104,0.9705,+34.8410440,-082.4413723
45083021001,0.9714,+34.9324506,-081.9235445
45085000700,0.9723,+33.9552524,-080.3123100
45085001300,0.9732,+33.9165836,-080.3525729
45071950502,0.9741,+34.3098563,-081.6453407
45045000800,0.9751,+34.8493143,-082.4271138
45019003400,0.976,+32.8958105,-079.9746618
45045002003,0.9769,+34.7652142,-082.4041162
45059920302,0.9778,+34.4434477,-081.9881019
45073030401,0.9788,+34.7713029,-083.0642802
45085001600,0.9797,+33.8878170,-080.3407342
45045002303,0.9806,+34.8728159,-082.4105209
45019004300,0.9815,+32.8501669,-079.9673955
45007000800,0.9825,+34.5151855,-082.6815651
45069960200,0.9834,+34.5638971,-079.7572819
45019003104,0.9843,+32.9290256,-080.0392057
45045002202,0.9852,+34.8547583,-082.4401273
45011970300,0.9861,+33.2731810,-081.3721662
45019003300,0.9871,+32.8846062,-080.0074054
45005970200,0.988,+33.0356436,-081.4486751
45031010600,0.9889,+34.3700380,-080.0231357
45085001802,0.9898,+33.9284520,-080.5360489
45041000700,0.9908,+34.1875889,-079.7527189
45033970400,0.9917,+34.3943810,-079.3862993
45027960500,0.9926,+33.7032431,-080.2749535
45007000600,0.9935,+34.4882459,-082.6349474
45079000900,0.9945,+34.0295244,-081.0156371
45083021700,0.9954,+34.9611074,-081.9692797
45041000900,0.9963,+34.2077622,-079.7859632
45079010900,0.9972,+34.0429092,-081.0163613
45085000800,0.9982,+33.9535614,-080.3493350
45047970500,0.9991,+34.1960292,-082.1475885
45011970200,1,+33.3685118,-081.2762976
